ID,Nombre,Ubicaci√≥n,Edad
1,Elizabeth Ryan,Silvaville,39
2,Ashley Knight,Frankfort,22
3,Patrick Burgess,South Frances,57
4,Robert Williams,Melissaborough,47
5,Patrick Morton,Crystalfort,27
6,Jeremiah Guzman,Lake Alexandriashire,64
7,Sara Golden,North Tammy,52
8,Heather Garcia,Port Jeremymouth,36
9,David Bell,Kingview,65
10,Gregory Young,Carolynborough,77
11,Lindsay Fletcher,New Stephenfort,73
12,Matthew Shaw,Carrshire,59
13,Christopher James,South Kimberlyfurt,73
14,Spencer Cooke,Matthewbury,31
15,Jimmy Jones,Bergland,26
16,Thomas Smith,New Anneport,42
17,Crystal Watson,South Jeremyberg,26
18,Elizabeth Davis,Randallberg,41
19,Chelsea Cohen,Meyertown,46
20,William Wilson,Christopherport,47
21,Collin Copeland,Buckleyberg,71
22,Melissa Davis,Flynnchester,24
23,Mrs. Jennifer Hoffman,Wolfebury,43
24,Ashley Bender,Lake William,42
25,Kimberly Smith MD,Port Marcus,76
26,Samuel Anderson,South Peterburgh,37
27,Brianna Aguilar,West Ronald,52
28,Richard Davies,Taylortown,69
29,Jessica Clark,East Michelle,35
30,Jessica Williams,Shannonhaven,57
31,James Newman,Austinview,29
32,Ruben Cooke,Robertsview,23
33,Joseph Dillon,West Stephen,41
34,Richard Wilson,South Haroldtown,68
35,Derek Francis,Nelsonburgh,41
36,Erin Hampton,Olivialand,19
37,Alan Clark,Lake Andrea,79
38,Robert Barrett,Port Curtishaven,65
39,Samuel Villarreal,Hessberg,52
40,Jessica Cervantes,Charlesstad,75
41,Natalie Burns,Williamsside,71
42,Kathryn Terrell,Powersville,73
43,Sarah Conley,New Teresa,73
44,Dawn Bowen,Campbellton,73
45,Timothy Brown,Port Meaganfort,46
46,Robert Campbell,Lake James,35
47,Mrs. Kelly Hartman,Walkerfort,24
48,Allison Smith,Carolinefort,25
49,April Ruiz,New Roseburgh,46
50,Mary Perry,Harrisontown,20
51,Sheena Graham,Lake Thomas,21
52,Gabriela Nguyen,Scottfurt,34
53,Kathryn Dawson,Scottburgh,18
54,Clayton Patton,West Albert,38
55,Kimberly Vaughan,Port Sharon,77
56,Sarah Green,New Robert,44
57,Jason Parker,Murraymouth,22
58,Joanna Steele,North Kara,51
59,Tina Mckinney,West Melinda,34
60,Sandra Miller,Lake Jerryhaven,73
61,Jessica Bullock,Bergton,72
62,Micheal Hahn,Johnborough,61
63,Brandon Hernandez,East Jamesfort,33
64,Natalie Allen,North Angelaside,55
65,Frank Stewart,North Meganshire,59
66,Nicole Cook,Port Jackburgh,34
67,Suzanne Wilson,Brownchester,26
68,Gary Callahan,West Jessica,40
69,Kaitlyn Beck,West Johnnyhaven,55
70,Bailey Alvarez,New Steven,23
71,Joseph Camacho,Maxwellton,25
72,David Bowers,Elijahfurt,45
73,Jessica Farley,Griffithview,67
74,Rebecca Lee,Port Miranda,32
75,Brian Moore,Hugheston,43
76,Nicole Blair,West Josephland,49
77,Jodi Boyd,Port William,61
78,Courtney Campbell,Codyberg,25
79,Katherine Arellano,Navarromouth,21
80,Heidi Cooper,Wolfville,74
81,Regina Clark,Wilcoxville,66
82,Brent Sloan,New Kimberlyfurt,31
83,James Lopez,Kimfort,27
84,Edwin Parker,Lake Amanda,41
85,Richard Mendez,Jonesborough,31
86,Amanda Roberts,West Jeffreyshire,71
87,Jacob Franklin,South Mercedesside,78
88,Molly Yang,New Krystalhaven,42
89,Kenneth Mercer,West Dominique,35
90,Sherry Buchanan,Erichaven,27
91,Alan Roberts,Hendersonview,80
92,Mary Miller,Port Steven,51
93,Nicole Mckay,Port Edwardfurt,43
94,Justin Anderson,South Wendy,71
95,Alexis Diaz,Estradaville,62
96,David Warren,Lauraborough,25
97,Shannon Holt,Andreastad,46
98,Jessica Monroe,South Brianberg,73
99,Brent Wilkins,North Charleschester,57
100,Amy Frederick,Bellview,67
